0,10,COUNTY,State
21111,1255.2609121966236,JEFFERSON,KY
21125,118.82046016127771,LAUREL,KY
21067,115.80939466255792,FAYETTE,KY
21193,112.60682836636549,PERRY,KY
21195,91.37133733637823,PIKE,KY
21095,88.32856186367516,HARLAN,KY
21013,87.37394803803085,BELL,KY
21199,85.35215622685533,PULASKI,KY
21071,70.3041332520833,FLOYD,KY
21235,64.73657669872404,WHITLEY,KY
21121,61.782823187312545,KNOX,KY
