0,10,COUNTY,State
39049,53.27890441996409,FRANKLIN,OH
39061,43.755788030017044,HAMILTON,OH
39113,31.58193508409377,MONTGOMERY,OH
39035,30.351651863725838,CUYAHOGA,OH
39045,24.59640806007841,FAIRFIELD,OH
39099,18.77277429931128,MAHONING,OH
39025,15.332849474513324,CLERMONT,OH
